{
	"United States": [
        23,
        60,
        154
    ],
	"Russia": [
        255,
        50,
        50
    ],
	"China": [
        200,
        62,
        95
    ],
	"France": [
        230,
        230,
        230
    ],
	"United Kingdom": [
        50,
        60,
        220
    ],
	"India": [
        255,
        173,
        101
    ],
	"Pakistan": [
        21,
        85,
        68
    ],
	"Israel": [
        20,
        54,
        177
    ],
	"North Korea": [
        238,
        21,
        50
    ],
	"South Africa": [
        20,
        55,
        172
    ],
	"Kazkhstan": [
        193,
        189,
        126
    ],
	"Ukraine": [
        255,
        213,
        0
    ],
	"Belarus": [
        20,
        148,
        50
    ],
	"Lithuania": [
        20,
        113,
        76
    ]
}